CREATE TABLE status (
	id INTEGER NOT NULL, 
	status INTEGER, 
	date_time VARCHAR(40), 
	product_id INTEGER, 
	station_id INTEGER, 
	PRIMARY KEY (id), 
	FOREIGN KEY(product_id) REFERENCES product (id), 
	FOREIGN KEY(station_id) REFERENCES station (id)
);
INSERT INTO `status` VALUES (1,0,'2015-02-22 02:45:43.100710',480102084000016303,11);
INSERT INTO `status` VALUES (2,0,'2015-02-22 02:45:48.670910',480102084000016303,11);
INSERT INTO `status` VALUES (3,1,'2015-02-22 02:57:52.809100',480102084000016303,11);
INSERT INTO `status` VALUES (4,1,'2015-02-22 02:57:56.100310',480102084000016303,11);
INSERT INTO `status` VALUES (5,1,'2015-02-22 02:57:57.740010',480102084000016303,11);
INSERT INTO `status` VALUES (6,0,'2015-02-22 02:57:58.900710',480102084000016303,11);
INSERT INTO `status` VALUES (7,0,'2015-02-22 02:58:00.804100',480102084000016303,11);
INSERT INTO `status` VALUES (8,2,'2015-02-22 01:38:57.810510',480102084000016303,11);
INSERT INTO `status` VALUES (9,2,'2015-02-22 01:38:57.810510',480102084000016303,11);
INSERT INTO `status` VALUES (10,2,'2015-02-22 01:38:57.810510',480102084000016303,11);
INSERT INTO `status` VALUES (11,0,'2015-02-22 03:28:20.710910',480102084000016303,11);
INSERT INTO `status` VALUES (12,2,'2015-02-22 01:38:57.810510',480102084000016303,11);
INSERT INTO `status` VALUES (13,0,'2015-02-22 12:06:00.510510',480102084000016303,11);
INSERT INTO `status` VALUES (14,1,'2015-02-22 12:29:57.720310',480102084000016303,11);
INSERT INTO `status` VALUES (15,1,'2015-02-22 12:29:59.650410',480102084000016303,11);
INSERT INTO `status` VALUES (16,1,'2015-02-22 12:30:11.880010',480102084000016303,11);
INSERT INTO `status` VALUES (17,0,'2015-02-22 12:30:13.406100',480102084000016303,11);
INSERT INTO `status` VALUES (18,0,'2015-02-22 12:30:14.210610',480102084000016303,11);
INSERT INTO `status` VALUES (19,0,'2015-02-22 12:30:14.590910',480102084000016303,11);
INSERT INTO `status` VALUES (20,0,'2015-02-22 12:30:14.980710',480102084000016303,11);
INSERT INTO `status` VALUES (21,1,'2015-02-22 12:30:16.180710',480102084000016303,11);
INSERT INTO `status` VALUES (22,0,'2015-02-22 12:30:16.670010',480102084000016303,11);
INSERT INTO `status` VALUES (23,0,'2015-02-22 12:30:17.304100',480102084000016303,11);
INSERT INTO `status` VALUES (24,1,'2015-02-22 12:30:17.390710',480102084000016303,11);
CREATE TABLE station (
	id INTEGER NOT NULL, 
	ip VARCHAR(15), 
	port INTEGER, 
	rack INTEGER, 
	slot INTEGER, 
	PRIMARY KEY (id)
);
INSERT INTO `station` VALUES (11,'localhost',102,0,2);
CREATE TABLE rework (
	id INTEGER NOT NULL, 
	product_id INTEGER, 
	station_id INTEGER, 
	operation_type_id INTEGER, 
	date_time VARCHAR(40), 
	description VARCHAR(1024), 
	PRIMARY KEY (id)
);
CREATE TABLE product (
	id INTEGER NOT NULL, 
	type INTEGER, 
	serial INTEGER, 
	week INTEGER, 
	year INTEGER, 
	PRIMARY KEY (id)
);
INSERT INTO `product` VALUES (480102084000000820,4801020840,820,7,15);
INSERT INTO `product` VALUES (480102084000000821,4801020840,821,7,15);
INSERT INTO `product` VALUES (480102084000000823,4801020840,823,7,15);
INSERT INTO `product` VALUES (480102084000000825,4801020840,825,7,15);
INSERT INTO `product` VALUES (480102084000000828,4801020840,828,7,15);
INSERT INTO `product` VALUES (480102084000000829,4801020840,829,7,15);
INSERT INTO `product` VALUES (480102084000000830,4801020840,830,7,15);
INSERT INTO `product` VALUES (480102084000000836,4801020840,836,7,15);
INSERT INTO `product` VALUES (480102084000000837,4801020840,837,7,15);
INSERT INTO `product` VALUES (480102084000000838,4801020840,838,7,15);
INSERT INTO `product` VALUES (480102084000000839,4801020840,839,7,15);
INSERT INTO `product` VALUES (480102084000000841,4801020840,841,7,15);
INSERT INTO `product` VALUES (480102084000000843,4801020840,843,7,15);
INSERT INTO `product` VALUES (480102084000000844,4801020840,844,7,15);
INSERT INTO `product` VALUES (480102084000000847,4801020840,847,7,15);
INSERT INTO `product` VALUES (480102084000000848,4801020840,848,7,15);
INSERT INTO `product` VALUES (480102084000000849,4801020840,849,7,15);
INSERT INTO `product` VALUES (480102084000000850,4801020840,850,7,15);
INSERT INTO `product` VALUES (480102084000000851,4801020840,851,7,15);
INSERT INTO `product` VALUES (480102084000000852,4801020840,852,7,15);
INSERT INTO `product` VALUES (480102084000000854,4801020840,854,7,15);
INSERT INTO `product` VALUES (480102084000000857,4801020840,857,7,15);
INSERT INTO `product` VALUES (480102084000000860,4801020840,860,7,15);
INSERT INTO `product` VALUES (480102084000000861,4801020840,861,7,15);
INSERT INTO `product` VALUES (480102084000000862,4801020840,862,7,15);
INSERT INTO `product` VALUES (480102084000000864,4801020840,864,7,15);
INSERT INTO `product` VALUES (480102084000000865,4801020840,865,7,15);
INSERT INTO `product` VALUES (480102084000000866,4801020840,866,7,15);
INSERT INTO `product` VALUES (480102084000016303,4801020840,16303,32,14);
CREATE TABLE operation_type (
	id INTEGER NOT NULL, 
	name VARCHAR(50), 
	description VARCHAR(255), 
	PRIMARY KEY (id)
);
INSERT INTO `operation_type` VALUES (1,'Default Operation Name','Default Operation Description');
INSERT INTO `operation_type` VALUES (2,'Default Operation Name','Default Operation Description');
INSERT INTO `operation_type` VALUES (3,'Default Operation Name','Default Operation Description');
INSERT INTO `operation_type` VALUES (4,'Default Operation Name','Default Operation Description');
INSERT INTO `operation_type` VALUES (5,'Default Operation Name','Default Operation Description');
INSERT INTO `operation_type` VALUES (6,'Default Operation Name','Default Operation Description');
INSERT INTO `operation_type` VALUES (7,'Default Operation Name','Default Operation Description');
);
CREATE TABLE operation (
	id INTEGER NOT NULL, 
	product_id INTEGER, 
	station_id INTEGER, 
	operation_status INTEGER, 
	operation_type_id INTEGER, 
	date_time VARCHAR(40), 
	result_1 FLOAT, 
	result_1_max FLOAT, 
	result_1_min FLOAT, 
	result_1_status FLOAT, 
	result_2 FLOAT, 
	result_2_max FLOAT, 
	result_2_min FLOAT, 
	result_2_status FLOAT, 
	result_3 FLOAT, 
	result_3_max FLOAT, 
	result_3_min FLOAT, 
	result_3_status FLOAT, 
	PRIMARY KEY (id)
);
INSERT INTO `operation` VALUES (1,480102084000000820,21,0,1,'2015-02-22 03:28:24.240910',24.0,25.0,75.0,0.0,0.0,0.0,0.0,0.0,0.0,0.0,0.0,0.0);
INSERT INTO `operation` VALUES (2,480102084000000820,21,0,2,'2015-02-22 03:28:25.480010',52.0,1.0,51.0,0.0,0.0,0.0,0.0,0.0,0.0,0.0,0.0,0.0);
INSERT INTO `operation` VALUES (3,480102084000000820,21,0,1,'2015-02-22 03:28:27.100110',10.0,25.0,75.0,0.0,0.0,0.0,0.0,0.0,0.0,0.0,0.0,0.0);
INSERT INTO `operation` VALUES (4,480102084000000820,22,1,3,'2015-02-22 03:28:27.100110',1.0,0.0,0.0,0.0,0.0,0.0,0.0,0.0,0.0,0.0,0.0,0.0);
INSERT INTO `operation` VALUES (5,480102084000000821,23,0,4,'2015-02-22 03:28:27.100110',10.0,49.0,99.0,0.0,90.0,29.0,79.0,0.0,0.0,0.0,0.0,0.0);
INSERT INTO `operation` VALUES (6,480102084000000823,23,1,4,'2015-02-22 03:28:29.710910',71.0,49.0,99.0,1.0,29.0,29.0,79.0,1.0,0.0,0.0,0.0,0.0);
INSERT INTO `operation` VALUES (7,480102084000000823,23,0,5,'2015-02-22 03:28:29.710910',29.0,29.0,69.0,1.0,71.0,9.0,39.0,0.0,0.0,0.0,0.0,0.0);
INSERT INTO `operation` VALUES (8,480102084000000823,23,1,6,'2015-02-22 03:28:29.710910',21.3213214874268,0.899999976158142,29.0,1.0,87.3300018310547,55.5,999.900024414063,1.0,0.0,0.0,0.0,0.0);
INSERT INTO `operation` VALUES (9,480102084000000823,23,1,7,'2015-02-22 03:28:29.710910',575.131591796875,300.100006103516,888.0,1.0,8.76494979858398,5.0,25.0,1.0,71.1234512329102,50.0,123.0,1.0);
INSERT INTO `operation` VALUES (10,480102084000000825,23,0,4,'2015-02-22 03:28:31.450610',45.0,49.0,99.0,0.0,55.0,29.0,79.0,1.0,0.0,0.0,0.0,0.0);
INSERT INTO `operation` VALUES (11,480102084000000825,23,0,5,'2015-02-22 03:28:31.450610',55.0,29.0,69.0,1.0,45.0,9.0,39.0,0.0,0.0,0.0,0.0,0.0);
INSERT INTO `operation` VALUES (12,480102084000000825,23,0,6,'2015-02-22 03:28:31.450610',13.5135135650635,0.899999976158142,29.0,1.0,55.3500022888184,55.5,999.900024414063,0.0,0.0,0.0,0.0,0.0);
INSERT INTO `operation` VALUES (13,480102084000000825,23,0,7,'2015-02-22 03:28:31.450610',364.520050048828,300.100006103516,888.0,1.0,5.55525016784668,5.0,25.0,1.0,45.1234512329102,50.0,123.0,0.0);
INSERT INTO `operation` VALUES (14,480102084000000825,21,1,1,'2015-02-22 03:28:31.450610',45.0,25.0,75.0,1.0,0.0,0.0,0.0,0.0,0.0,0.0,0.0,0.0);
INSERT INTO `operation` VALUES (15,480102084000000825,21,0,2,'2015-02-22 03:28:31.450610',55.0,1.0,51.0,0.0,0.0,0.0,0.0,0.0,0.0,0.0,0.0,0.0);
INSERT INTO `operation` VALUES (16,480102084000000825,22,0,3,'2015-02-22 03:28:31.450610',0.0,0.0,0.0,0.0,0.0,0.0,0.0,0.0,0.0,0.0,0.0,0.0);
INSERT INTO `operation` VALUES (17,480102084000000828,23,0,4,'2015-02-22 12:06:05.150110',15.0,49.0,99.0,0.0,85.0,29.0,79.0,0.0,0.0,0.0,0.0,0.0);
INSERT INTO `operation` VALUES (18,480102084000000828,23,0,5,'2015-02-22 12:06:05.150110',85.0,29.0,69.0,0.0,15.0,9.0,39.0,1.0,0.0,0.0,0.0,0.0);
INSERT INTO `operation` VALUES (19,480102084000000828,23,0,6,'2015-02-22 12:06:05.150110',4.50450468063354,0.899999976158142,29.0,1.0,18.4500007629395,55.5,999.900024414063,0.0,0.0,0.0,0.0,0.0);
INSERT INTO `operation` VALUES (20,480102084000000828,23,0,7,'2015-02-22 12:06:05.150210',121.506675720215,300.100006103516,888.0,0.0,1.85175001621246,5.0,25.0,0.0,15.1234502792358,50.0,123.0,0.0);
INSERT INTO `operation` VALUES (21,480102084000000828,21,0,1,'2015-02-22 12:06:06.230810',23.0,25.0,75.0,0.0,0.0,0.0,0.0,0.0,0.0,0.0,0.0,0.0);
INSERT INTO `operation` VALUES (22,480102084000000828,22,1,3,'2015-02-22 12:06:06.230810',1.0,0.0,0.0,0.0,0.0,0.0,0.0,0.0,0.0,0.0,0.0,0.0);
INSERT INTO `operation` VALUES (23,480102084000000829,23,0,4,'2015-02-22 12:06:06.230810',23.0,49.0,99.0,0.0,77.0,29.0,79.0,1.0,0.0,0.0,0.0,0.0);
INSERT INTO `operation` VALUES (24,480102084000000830,22,0,3,'2015-02-22 12:06:07.440410',0.0,0.0,0.0,0.0,0.0,0.0,0.0,0.0,0.0,0.0,0.0,0.0);
INSERT INTO `operation` VALUES (25,480102084000000830,23,0,4,'2015-02-22 12:06:07.440410',44.0,49.0,99.0,0.0,56.0,29.0,79.0,1.0,0.0,0.0,0.0,0.0);
INSERT INTO `operation` VALUES (26,480102084000000830,23,0,5,'2015-02-22 12:06:07.440410',56.0,29.0,69.0,1.0,44.0,9.0,39.0,0.0,0.0,0.0,0.0,0.0);
INSERT INTO `operation` VALUES (27,480102084000000830,23,0,6,'2015-02-22 12:06:07.440510',13.2132139205933,0.899999976158142,29.0,1.0,54.120002746582,55.5,999.900024414063,0.0,0.0,0.0,0.0,0.0);
INSERT INTO `operation` VALUES (28,480102084000000830,23,0,7,'2015-02-22 12:06:07.440510',356.419586181641,300.100006103516,888.0,1.0,5.431800365448,5.0,25.0,1.0,44.1234512329102,50.0,123.0,0.0);
INSERT INTO `operation` VALUES (29,480102084000000830,21,1,1,'2015-02-22 12:06:07.440410',44.0,25.0,75.0,1.0,0.0,0.0,0.0,0.0,0.0,0.0,0.0,0.0);
INSERT INTO `operation` VALUES (30,480102084000000830,21,0,2,'2015-02-22 12:06:07.440410',56.0,1.0,51.0,0.0,0.0,0.0,0.0,0.0,0.0,0.0,0.0,0.0);
INSERT INTO `operation` VALUES (31,480102084000000836,21,0,1,'2015-02-22 12:20:38.240210',24.0,25.0,75.0,0.0,0.0,0.0,0.0,0.0,0.0,0.0,0.0,0.0);
INSERT INTO `operation` VALUES (32,480102084000000836,21,0,2,'2015-02-22 12:20:38.240210',76.0,1.0,51.0,0.0,0.0,0.0,0.0,0.0,0.0,0.0,0.0,0.0);
INSERT INTO `operation` VALUES (33,480102084000000836,22,1,3,'2015-02-22 12:20:38.240210',1.0,0.0,0.0,0.0,0.0,0.0,0.0,0.0,0.0,0.0,0.0,0.0);
INSERT INTO `operation` VALUES (34,480102084000000837,23,0,4,'2015-02-22 12:20:38.240210',24.0,49.0,99.0,0.0,76.0,29.0,79.0,1.0,0.0,0.0,0.0,0.0);
INSERT INTO `operation` VALUES (35,480102084000000837,23,0,5,'2015-02-22 12:20:38.240210',76.0,29.0,69.0,0.0,24.0,9.0,39.0,1.0,0.0,0.0,0.0,0.0);
INSERT INTO `operation` VALUES (36,480102084000000837,23,0,6,'2015-02-22 12:20:38.240210',7.20720720291138,0.899999976158142,29.0,1.0,29.5200004577637,55.5,999.900024414063,0.0,0.0,0.0,0.0,0.0);
INSERT INTO `operation` VALUES (37,480102084000000837,23,0,7,'2015-02-22 12:20:38.240210',194.410690307617,300.100006103516,888.0,0.0,2.96280002593994,5.0,25.0,0.0,24.1234493255615,50.0,123.0,0.0);
INSERT INTO `operation` VALUES (38,480102084000000841,23,1,4,'2015-02-22 12:20:43.640710',64.0,49.0,99.0,1.0,36.0,29.0,79.0,1.0,0.0,0.0,0.0,0.0);
INSERT INTO `operation` VALUES (39,480102084000000841,23,0,5,'2015-02-22 12:20:43.640710',36.0,29.0,69.0,1.0,64.0,9.0,39.0,0.0,0.0,0.0,0.0,0.0);
INSERT INTO `operation` VALUES (40,480102084000000841,23,1,6,'2015-02-22 12:20:43.640710',19.2192192077637,0.899999976158142,29.0,1.0,78.7200012207031,55.5,999.900024414063,1.0,0.0,0.0,0.0,0.0);
INSERT INTO `operation` VALUES (41,480102084000000841,23,1,7,'2015-02-22 12:20:43.640710',518.428527832031,300.100006103516,888.0,1.0,7.9008002281189,5.0,25.0,1.0,64.1234512329102,50.0,123.0,1.0);
INSERT INTO `operation` VALUES (42,480102084000000838,21,1,1,'2015-02-22 12:20:43.640710',64.0,25.0,75.0,1.0,0.0,0.0,0.0,0.0,0.0,0.0,0.0,0.0);
INSERT INTO `operation` VALUES (43,480102084000000838,21,1,2,'2015-02-22 12:20:43.640710',36.0,1.0,51.0,1.0,0.0,0.0,0.0,0.0,0.0,0.0,0.0,0.0);
INSERT INTO `operation` VALUES (44,480102084000000839,22,0,3,'2015-02-22 12:20:43.640710',0.0,0.0,0.0,0.0,0.0,0.0,0.0,0.0,0.0,0.0,0.0,0.0);
INSERT INTO `operation` VALUES (45,480102084000000843,21,1,1,'2015-02-22 12:21:04.590010',59.0,25.0,75.0,1.0,0.0,0.0,0.0,0.0,0.0,0.0,0.0,0.0);
INSERT INTO `operation` VALUES (46,480102084000000843,21,1,2,'2015-02-22 12:21:04.590010',41.0,1.0,51.0,1.0,0.0,0.0,0.0,0.0,0.0,0.0,0.0,0.0);
INSERT INTO `operation` VALUES (47,480102084000000844,22,1,3,'2015-02-22 12:21:04.590010',1.0,0.0,0.0,0.0,0.0,0.0,0.0,0.0,0.0,0.0,0.0,0.0);
INSERT INTO `operation` VALUES (48,480102084000000847,23,1,4,'2015-02-22 12:21:04.590010',59.0,49.0,99.0,1.0,41.0,29.0,79.0,1.0,0.0,0.0,0.0,0.0);
INSERT INTO `operation` VALUES (49,480102084000000847,23,0,5,'2015-02-22 12:21:04.590010',41.0,29.0,69.0,1.0,59.0,9.0,39.0,0.0,0.0,0.0,0.0,0.0);
INSERT INTO `operation` VALUES (50,480102084000000847,23,1,6,'2015-02-22 12:21:04.590010',17.7177181243896,0.899999976158142,29.0,1.0,72.5699996948242,55.5,999.900024414063,1.0,0.0,0.0,0.0,0.0);
INSERT INTO `operation` VALUES (51,480102084000000847,23,1,7,'2015-02-22 12:21:04.590010',477.92626953125,300.100006103516,888.0,1.0,7.28355026245117,5.0,25.0,1.0,59.1234512329102,50.0,123.0,1.0);
INSERT INTO `operation` VALUES (52,480102084000000848,21,0,1,'2015-02-22 12:30:01.890410',89.0,25.0,75.0,0.0,0.0,0.0,0.0,0.0,0.0,0.0,0.0,0.0);
INSERT INTO `operation` VALUES (53,480102084000000848,22,0,3,'2015-02-22 12:30:01.890410',0.0,0.0,0.0,0.0,0.0,0.0,0.0,0.0,0.0,0.0,0.0,0.0);
INSERT INTO `operation` VALUES (54,480102084000000848,23,0,4,'2015-02-22 12:30:01.890410',89.0,49.0,99.0,1.0,11.0,29.0,79.0,0.0,0.0,0.0,0.0,0.0);
INSERT INTO `operation` VALUES (55,480102084000000850,21,1,1,'2015-02-22 12:30:02.570710',57.0,25.0,75.0,1.0,0.0,0.0,0.0,0.0,0.0,0.0,0.0,0.0);
INSERT INTO `operation` VALUES (56,480102084000000850,21,1,2,'2015-02-22 12:30:02.650910',35.0,1.0,51.0,1.0,0.0,0.0,0.0,0.0,0.0,0.0,0.0,0.0);
INSERT INTO `operation` VALUES (57,480102084000000849,22,0,3,'2015-02-22 12:30:02.570710',0.0,0.0,0.0,0.0,0.0,0.0,0.0,0.0,0.0,0.0,0.0,0.0);
INSERT INTO `operation` VALUES (58,480102084000000849,23,1,4,'2015-02-22 12:30:02.570710',57.0,49.0,99.0,1.0,43.0,29.0,79.0,1.0,0.0,0.0,0.0,0.0);
INSERT INTO `operation` VALUES (59,480102084000000854,23,0,4,'2015-02-22 12:30:04.810910',81.0,49.0,99.0,1.0,19.0,29.0,79.0,0.0,0.0,0.0,0.0,0.0);
INSERT INTO `operation` VALUES (60,480102084000000854,23,0,5,'2015-02-22 12:30:04.810910',19.0,29.0,69.0,0.0,81.0,9.0,39.0,0.0,0.0,0.0,0.0,0.0);
INSERT INTO `operation` VALUES (61,480102084000000854,23,1,6,'2015-02-22 12:30:04.810910',24.3243255615234,0.899999976158142,29.0,1.0,99.6300048828125,55.5,999.900024414063,1.0,0.0,0.0,0.0,0.0);
INSERT INTO `operation` VALUES (62,480102084000000854,23,1,7,'2015-02-22 12:30:04.810910',656.136047363281,300.100006103516,888.0,1.0,9.99945068359375,5.0,25.0,1.0,81.1234512329102,50.0,123.0,1.0);
INSERT INTO `operation` VALUES (63,480102084000000851,21,0,1,'2015-02-22 12:30:04.810810',81.0,25.0,75.0,0.0,0.0,0.0,0.0,0.0,0.0,0.0,0.0,0.0);
INSERT INTO `operation` VALUES (64,480102084000000851,21,1,2,'2015-02-22 12:30:04.810810',19.0,1.0,51.0,1.0,0.0,0.0,0.0,0.0,0.0,0.0,0.0,0.0);
INSERT INTO `operation` VALUES (65,480102084000000852,22,1,3,'2015-02-22 12:30:04.810810',1.0,0.0,0.0,0.0,0.0,0.0,0.0,0.0,0.0,0.0,0.0,0.0);
INSERT INTO `operation` VALUES (66,480102084000000857,23,1,4,'2015-02-22 12:30:05.590910',59.0,49.0,99.0,1.0,41.0,29.0,79.0,1.0,0.0,0.0,0.0,0.0);
INSERT INTO `operation` VALUES (67,480102084000000857,23,0,5,'2015-02-22 12:30:05.590910',41.0,29.0,69.0,1.0,59.0,9.0,39.0,0.0,0.0,0.0,0.0,0.0);
INSERT INTO `operation` VALUES (68,480102084000000857,23,1,6,'2015-02-22 12:30:05.590910',17.7177181243896,0.899999976158142,29.0,1.0,72.5699996948242,55.5,999.900024414063,1.0,0.0,0.0,0.0,0.0);
INSERT INTO `operation` VALUES (69,480102084000000857,23,1,7,'2015-02-22 12:30:05.600010',477.92626953125,300.100006103516,888.0,1.0,7.28355026245117,5.0,25.0,1.0,59.1234512329102,50.0,123.0,1.0);
INSERT INTO `operation` VALUES (70,480102084000000860,23,1,4,'2015-02-22 12:30:06.630110',63.0,49.0,99.0,1.0,37.0,29.0,79.0,1.0,0.0,0.0,0.0,0.0);
INSERT INTO `operation` VALUES (71,480102084000000860,23,0,5,'2015-02-22 12:30:06.630210',37.0,29.0,69.0,1.0,63.0,9.0,39.0,0.0,0.0,0.0,0.0,0.0);
INSERT INTO `operation` VALUES (72,480102084000000860,23,1,6,'2015-02-22 12:30:06.630210',18.9189186096191,0.899999976158142,29.0,1.0,77.4899978637695,55.5,999.900024414063,1.0,0.0,0.0,0.0,0.0);
INSERT INTO `operation` VALUES (73,480102084000000860,23,1,7,'2015-02-22 12:30:06.630210',510.328063964844,300.100006103516,888.0,1.0,7.77735042572021,5.0,25.0,1.0,63.1234512329102,50.0,123.0,1.0);
INSERT INTO `operation` VALUES (74,480102084000000864,23,0,4,'2015-02-22 12:30:07.880210',88.0,49.0,99.0,1.0,12.0,29.0,79.0,0.0,0.0,0.0,0.0,0.0);
INSERT INTO `operation` VALUES (75,480102084000000864,23,0,5,'2015-02-22 12:30:07.880210',12.0,29.0,69.0,0.0,88.0,9.0,39.0,0.0,0.0,0.0,0.0,0.0);
INSERT INTO `operation` VALUES (76,480102084000000864,23,1,6,'2015-02-22 12:30:07.880210',26.4264278411865,0.899999976158142,29.0,1.0,108.240005493164,55.5,999.900024414063,1.0,0.0,0.0,0.0,0.0);
INSERT INTO `operation` VALUES (77,480102084000000864,23,1,7,'2015-02-22 12:30:07.880210',712.839172363281,300.100006103516,888.0,1.0,10.863600730896,5.0,25.0,1.0,88.1234512329102,50.0,123.0,1.0);
INSERT INTO `operation` VALUES (78,480102084000000861,21,0,1,'2015-02-22 12:30:07.880210',88.0,25.0,75.0,0.0,0.0,0.0,0.0,0.0,0.0,0.0,0.0,0.0);
INSERT INTO `operation` VALUES (79,480102084000000861,21,1,2,'2015-02-22 12:30:07.880210',12.0,1.0,51.0,1.0,0.0,0.0,0.0,0.0,0.0,0.0,0.0,0.0);
INSERT INTO `operation` VALUES (80,480102084000000862,22,1,3,'2015-02-22 12:30:07.880210',1.0,0.0,0.0,0.0,0.0,0.0,0.0,0.0,0.0,0.0,0.0,0.0);
INSERT INTO `operation` VALUES (81,480102084000000865,21,0,1,'2015-02-22 12:30:08.780310',78.0,25.0,75.0,0.0,0.0,0.0,0.0,0.0,0.0,0.0,0.0,0.0);
INSERT INTO `operation` VALUES (82,480102084000000865,22,1,3,'2015-02-22 12:30:08.780310',1.0,0.0,0.0,0.0,0.0,0.0,0.0,0.0,0.0,0.0,0.0,0.0);
INSERT INTO `operation` VALUES (83,480102084000000866,23,0,4,'2015-02-22 12:30:08.780310',78.0,49.0,99.0,1.0,22.0,29.0,79.0,0.0,0.0,0.0,0.0,0.0);
INSERT INTO `operation` VALUES (84,480102084000000866,21,0,2,'2015-02-22 12:30:09.370710',63.0,1.0,51.0,0.0,0.0,0.0,0.0,0.0,0.0,0.0,0.0,0.0);
INSERT INTO `operation` VALUES (85,480102084000000866,21,0,1,'2015-02-22 12:30:09.970510',97.0,25.0,75.0,0.0,0.0,0.0,0.0,0.0,0.0,0.0,0.0,0.0);
COMMIT;
